{
    "Description": "A simple electric piano.",
    "Name": "Electric Piano",
    "Samples": {
        "BaseNote": "C",
        "Files": {
            "A": "samples/a.wav",
            "B": "samples/b.wav",
            "C": "samples/c.wav",
            "D": "samples/d.wav",
            "E": "samples/e.wav",
            "F": "samples/f.wav",
            "G": "samples/g.wav"
        }
    },
    "Settings": {
        "Attack": 0.4000000059604645,
        "Chorus": 0.20000000298023224,
        "Release": 0.4000000059604645,
        "Reverb": 0.5699999928474426,
        "Volume": 0.800000011920929
    }
}